team,year,coaches_text
ATL,2017-18,
ATL,2016-17,M. Budenholzer (43-39)
ATL,2015-16,M. Budenholzer (48-34)
ATL,2014-15,M. Budenholzer (60-22)
ATL,2013-14,M. Budenholzer (38-44)
ATL,2012-13,L. Drew (44-38)
ATL,2011-12,L. Drew (40-26)
ATL,2010-11,L. Drew (44-38)
ATL,2009-10,M. Woodson (53-29)
ATL,2008-09,M. Woodson (47-35)
ATL,2007-08,M. Woodson (37-45)
ATL,2006-07,M. Woodson (30-52)
ATL,2005-06,M. Woodson (26-56)
ATL,2004-05,M. Woodson (13-69)
ATL,2003-04,T. Stotts (28-54)
ATL,2002-03,"L. Kruger (11-16), T. Stotts (24-31)"
ATL,2001-02,L. Kruger (33-49)
ATL,2000-01,L. Kruger (25-57)
ATL,1999-00,L. Wilkens (28-54)
ATL,1998-99,L. Wilkens (31-19)
ATL,1997-98,L. Wilkens (50-32)
ATL,1996-97,L. Wilkens (56-26)
ATL,1995-96,L. Wilkens (46-36)
ATL,1994-95,L. Wilkens (42-40)
ATL,1993-94,L. Wilkens (57-25)
ATL,1992-93,B. Weiss (43-39)
ATL,1991-92,B. Weiss (38-44)
ATL,1990-91,B. Weiss (43-39)
ATL,1989-90,M. Fratello (41-41)
ATL,1988-89,M. Fratello (52-30)
ATL,1987-88,M. Fratello (50-32)
ATL,1986-87,M. Fratello (57-25)
ATL,1985-86,M. Fratello (50-32)
ATL,1984-85,M. Fratello (34-48)
ATL,1983-84,M. Fratello (40-42)
ATL,1982-83,K. Loughery (43-39)
ATL,1981-82,K. Loughery (42-40)
ATL,1980-81,"H. Brown (31-48), M. Fratello (0-3)"
ATL,1979-80,H. Brown (50-32)
ATL,1978-79,H. Brown (46-36)
ATL,1977-78,H. Brown (41-41)
ATL,1976-77,H. Brown (31-51)
ATL,1975-76,"C. Fitzsimmons (28-46), G. Tormohlen (1-7)"
ATL,1974-75,C. Fitzsimmons (31-51)
ATL,1973-74,C. Fitzsimmons (35-47)
ATL,1972-73,C. Fitzsimmons (46-36)
ATL,1971-72,R. Guerin (36-46)
ATL,1970-71,R. Guerin (36-46)
ATL,1969-70,R. Guerin (48-34)
ATL,1968-69,R. Guerin (48-34)
ATL,1967-68,R. Guerin (56-26)
ATL,1966-67,R. Guerin (39-42)
ATL,1965-66,R. Guerin (36-44)
ATL,1964-65,"H. Gallatin (17-16), R. Guerin (28-19)"
ATL,1963-64,H. Gallatin (46-34)
ATL,1962-63,H. Gallatin (48-32)
ATL,1961-62,"P. Seymour (5-9), A. Levane (20-40), B. Pettit (4-2)"
ATL,1960-61,P. Seymour (51-28)
ATL,1959-60,E. Macauley (46-29)
ATL,1958-59,"A. Phillip (6-4), E. Macauley (43-19)"
ATL,1957-58,A. Hannum (41-31)
ATL,1956-57,"R. Holzman (14-19), S. Martin (5-3), A. Hannum (15-16)"
ATL,1955-56,R. Holzman (33-39)
ATL,1954-55,R. Holzman (26-46)
ATL,1953-54,"A. Levane (11-35), R. Holzman (10-16)"
ATL,1952-53,A. Levane (27-44)
ATL,1951-52,D. Moore (17-49)
ATL,1950-51,"D. McMillan (9-14), J. Logan (2-1), M. Todorovich (14-28)"
ATL,1949-50,"R. Potter (1-6), R. Auerbach (28-29)"
MIL,2017-18,
MIL,2016-17,J. Kidd (42-40)
MIL,2015-16,J. Kidd (33-49)
MIL,2014-15,J. Kidd (41-41)
MIL,2013-14,L. Drew (15-67)
MIL,2012-13,"S. Skiles (16-16), J. Boylan (22-28)"
MIL,2011-12,S. Skiles (31-35)
MIL,2010-11,S. Skiles (35-47)
MIL,2009-10,S. Skiles (46-36)
MIL,2008-09,S. Skiles (34-48)
MIL,2007-08,L. Krystkowiak (26-56)
MIL,2006-07,"T. Stotts (23-41), L. Krystkowiak (5-13)"
MIL,2005-06,T. Stotts (40-42)
MIL,2004-05,T. Porter (30-52)
MIL,2003-04,T. Porter (41-41)
MIL,2002-03,G. Karl (42-40)
MIL,2001-02,G. Karl (41-41)
MIL,2000-01,G. Karl (52-30)
MIL,1999-00,G. Karl (42-40)
MIL,1998-99,G. Karl (28-22)
MIL,1997-98,C. Ford (36-46)
MIL,1996-97,C. Ford (33-49)
MIL,1995-96,M. Dunleavy (25-57)
MIL,1994-95,M. Dunleavy (34-48)
MIL,1993-94,M. Dunleavy (20-62)
MIL,1992-93,M. Dunleavy (28-54)
MIL,1991-92,"D. Harris (8-9), F. Hamblen (23-42)"
MIL,1990-91,D. Harris (48-34)
MIL,1989-90,D. Harris (44-38)
MIL,1988-89,D. Harris (49-33)
MIL,1987-88,D. Harris (42-40)
MIL,1986-87,D. Nelson (50-32)
MIL,1985-86,D. Nelson (57-25)
MIL,1984-85,D. Nelson (59-23)
MIL,1983-84,D. Nelson (50-32)
MIL,1982-83,D. Nelson (51-31)
MIL,1981-82,D. Nelson (55-27)
MIL,1980-81,D. Nelson (60-22)
MIL,1979-80,D. Nelson (49-33)
MIL,1978-79,D. Nelson (38-44)
MIL,1977-78,D. Nelson (44-38)
MIL,1976-77,"L. Costello (3-15), D. Nelson (27-37)"
MIL,1975-76,L. Costello (38-44)
MIL,1974-75,L. Costello (38-44)
MIL,1973-74,L. Costello (59-23)
MIL,1972-73,L. Costello (60-22)
MIL,1971-72,L. Costello (63-19)
MIL,1970-71,L. Costello (66-16)
MIL,1969-70,L. Costello (56-26)
MIL,1968-69,L. Costello (27-55)
MIN,2017-18,
MIN,2016-17,T. Thibodeau (31-51)
MIN,2015-16,S. Mitchell (29-53)
MIN,2014-15,F. Saunders (16-66)
MIN,2013-14,R. Adelman (40-42)
MIN,2012-13,R. Adelman (31-51)
MIN,2011-12,R. Adelman (26-40)
MIN,2010-11,K. Rambis (17-65)
MIN,2009-10,K. Rambis (15-67)
MIN,2008-09,"R. Wittman (4-15), K. McHale (20-43)"
MIN,2007-08,R. Wittman (22-60)
MIN,2006-07,"D. Casey (20-20), R. Wittman (12-30)"
MIN,2005-06,D. Casey (33-49)
MIN,2004-05,"F. Saunders (25-26), K. McHale (19-12)"
MIN,2003-04,F. Saunders (58-24)
MIN,2002-03,F. Saunders (51-31)
MIN,2001-02,F. Saunders (50-32)
MIN,2000-01,F. Saunders (47-35)
MIN,1999-00,F. Saunders (50-32)
MIN,1998-99,F. Saunders (25-25)
MIN,1997-98,F. Saunders (45-37)
MIN,1996-97,F. Saunders (40-42)
MIN,1995-96,"B. Blair (6-14), F. Saunders (20-42)"
MIN,1994-95,B. Blair (21-61)
MIN,1993-94,S. Lowe (20-62)
MIN,1992-93,"J. Rodgers (6-23), S. Lowe (13-40)"
MIN,1991-92,J. Rodgers (15-67)
MIN,1990-91,B. Musselman (29-53)
MIN,1989-90,B. Musselman (22-60)
NOH,2017-18,
NOH,2016-17,A. Gentry (34-48)
NOH,2015-16,A. Gentry (30-52)
NOH,2014-15,M. Williams (45-37)
NOH,2013-14,M. Williams (34-48)
NOH,2012-13,M. Williams (27-55)
NOH,2011-12,M. Williams (21-45)
NOH,2010-11,M. Williams (46-36)
NOH,2009-10,"B. Scott (3-6), J. Bower (34-39)"
NOH,2008-09,B. Scott (49-33)
NOH,2007-08,B. Scott (56-26)
NOH,2006-07,B. Scott (39-43)
NOH,2005-06,B. Scott (38-44)
NOH,2004-05,B. Scott (18-64)
NOH,2003-04,T. Floyd (41-41)
NOH,2002-03,P. Silas (47-35)
NYK,2017-18,
NYK,2016-17,J. Hornacek (31-51)
NYK,2015-16,"D. Fisher (23-31), K. Rambis (9-19)"
NYK,2014-15,D. Fisher (17-65)
NYK,2013-14,M. Woodson (37-45)
NYK,2012-13,M. Woodson (54-28)
NYK,2011-12,"M. D'Antoni (18-24), M. Woodson (18-6)"
NYK,2010-11,M. D'Antoni (42-40)
NYK,2009-10,M. D'Antoni (29-53)
NYK,2008-09,M. D'Antoni (32-50)
NYK,2007-08,I. Thomas (23-59)
NYK,2006-07,I. Thomas (33-49)
NYK,2005-06,L. Brown (23-59)
NYK,2004-05,"L. Wilkens (17-22), H. Williams (16-27)"
NYK,2003-04,"D. Chaney (15-24), H. Williams (1-0), L. Wilkens (23-19)"
NYK,2002-03,D. Chaney (37-45)
NYK,2001-02,"J. Van Gundy (10-9), D. Chaney (20-43)"
NYK,2000-01,J. Van Gundy (48-34)
NYK,1999-00,J. Van Gundy (50-32)
NYK,1998-99,J. Van Gundy (27-23)
NYK,1997-98,J. Van Gundy (43-39)
NYK,1996-97,J. Van Gundy (57-25)
NYK,1995-96,"D. Nelson (34-25), J. Van Gundy (13-10)"
NYK,1994-95,P. Riley (55-27)
NYK,1993-94,P. Riley (57-25)
NYK,1992-93,P. Riley (60-22)
NYK,1991-92,P. Riley (51-31)
NYK,1990-91,"S. Jackson (7-8), J. MacLeod (32-35)"
NYK,1989-90,S. Jackson (45-37)
NYK,1988-89,R. Pitino (52-30)
NYK,1987-88,R. Pitino (38-44)
NYK,1986-87,"H. Brown (4-12), B. Hill (20-46)"
NYK,1985-86,H. Brown (23-59)
NYK,1984-85,H. Brown (24-58)
NYK,1983-84,H. Brown (47-35)
NYK,1982-83,H. Brown (44-38)
NYK,1981-82,R. Holzman (33-49)
NYK,1980-81,R. Holzman (50-32)
NYK,1979-80,R. Holzman (39-43)
NYK,1978-79,"W. Reed (6-8), R. Holzman (25-43)"
NYK,1977-78,W. Reed (43-39)
NYK,1976-77,R. Holzman (40-42)
NYK,1975-76,R. Holzman (38-44)
NYK,1974-75,R. Holzman (40-42)
NYK,1973-74,R. Holzman (49-33)
NYK,1972-73,R. Holzman (57-25)
NYK,1971-72,R. Holzman (48-34)
NYK,1970-71,R. Holzman (52-30)
NYK,1969-70,R. Holzman (60-22)
NYK,1968-69,R. Holzman (54-28)
NYK,1967-68,"D. McGuire (15-23), R. Holzman (28-16)"
NYK,1966-67,D. McGuire (36-45)
NYK,1965-66,"H. Gallatin (6-15), D. McGuire (24-35)"
NYK,1964-65,"E. Donovan (12-26), H. Gallatin (19-23)"
NYK,1963-64,E. Donovan (22-58)
NYK,1962-63,E. Donovan (21-59)
NYK,1961-62,E. Donovan (29-51)
NYK,1960-61,C. Braun (21-58)
NYK,1959-60,"A. Levane (8-19), C. Braun (19-29)"
NYK,1958-59,A. Levane (40-32)
NYK,1957-58,V. Boryla (35-37)
NYK,1956-57,V. Boryla (36-36)
NYK,1955-56,"J. Lapchick (26-25), V. Boryla (9-12)"
NYK,1954-55,J. Lapchick (38-34)
NYK,1953-54,J. Lapchick (44-28)
NYK,1952-53,J. Lapchick (47-23)
NYK,1951-52,J. Lapchick (37-29)
NYK,1950-51,J. Lapchick (36-30)
NYK,1949-50,J. Lapchick (40-28)
NYK,1948-49,J. Lapchick (32-28)
NYK,1947-48,J. Lapchick (26-22)
NYK,1946-47,N. Cohalan (33-27)
OKC,2017-18,
OKC,2016-17,B. Donovan (47-35)
OKC,2015-16,B. Donovan (55-27)
OKC,2014-15,S. Brooks (45-37)
OKC,2013-14,S. Brooks (59-23)
OKC,2012-13,S. Brooks (60-22)
OKC,2011-12,S. Brooks (47-19)
OKC,2010-11,S. Brooks (55-27)
OKC,2009-10,S. Brooks (50-32)
OKC,2008-09,"P. Carlesimo (1-12), S. Brooks (22-47)"
OKC,2007-08,P. Carlesimo (20-62)
OKC,2006-07,B. Hill (31-51)
OKC,2005-06,"B. Weiss (13-17), B. Hill (22-30)"
OKC,2004-05,N. McMillan (52-30)
OKC,2003-04,N. McMillan (37-45)
OKC,2002-03,N. McMillan (40-42)
OKC,2001-02,N. McMillan (45-37)
OKC,2000-01,"P. Westphal (6-9), N. McMillan (38-29)"
OKC,1999-00,P. Westphal (45-37)
OKC,1998-99,P. Westphal (25-25)
OKC,1997-98,G. Karl (61-21)
OKC,1996-97,G. Karl (57-25)
OKC,1995-96,G. Karl (64-18)
OKC,1994-95,G. Karl (57-25)
OKC,1993-94,G. Karl (63-19)
OKC,1992-93,G. Karl (55-27)
OKC,1991-92,"K. Jones (18-18), B. Kloppenburg (2-2), G. Karl (27-15)"
OKC,1990-91,K. Jones (41-41)
OKC,1989-90,B. Bickerstaff (41-41)
OKC,1988-89,B. Bickerstaff (47-35)
OKC,1987-88,B. Bickerstaff (44-38)
OKC,1986-87,B. Bickerstaff (39-43)
OKC,1985-86,B. Bickerstaff (31-51)
OKC,1984-85,L. Wilkens (31-51)
OKC,1983-84,L. Wilkens (42-40)
OKC,1982-83,L. Wilkens (48-34)
OKC,1981-82,L. Wilkens (52-30)
OKC,1980-81,L. Wilkens (34-48)
OKC,1979-80,L. Wilkens (56-26)
OKC,1978-79,L. Wilkens (52-30)
OKC,1977-78,"B. Hopkins (5-17), L. Wilkens (42-18)"
OKC,1976-77,B. Russell (40-42)
OKC,1975-76,B. Russell (43-39)
OKC,1974-75,B. Russell (43-39)
OKC,1973-74,B. Russell (36-46)
OKC,1972-73,"T. Nissalke (13-32), B. Buckwalter (13-24)"
OKC,1971-72,L. Wilkens (47-35)
OKC,1970-71,L. Wilkens (38-44)
OKC,1969-70,L. Wilkens (36-46)
OKC,1968-69,A. Bianchi (30-52)
OKC,1967-68,A. Bianchi (23-59)
ORL,2017-18,
ORL,2016-17,F. Vogel (29-53)
ORL,2015-16,S. Skiles (35-47)
ORL,2014-15,"J. Vaughn (15-37), J. Borrego (10-20)"
ORL,2013-14,J. Vaughn (23-59)
ORL,2012-13,J. Vaughn (20-62)
ORL,2011-12,S. Van Gundy (37-29)
ORL,2010-11,S. Van Gundy (52-30)
ORL,2009-10,S. Van Gundy (59-23)
ORL,2008-09,S. Van Gundy (59-23)
ORL,2007-08,S. Van Gundy (52-30)
ORL,2006-07,B. Hill (40-42)
ORL,2005-06,B. Hill (36-46)
ORL,2004-05,"J. Davis (31-33), C. Jent (5-13)"
ORL,2003-04,"D. Rivers (1-10), J. Davis (20-51)"
ORL,2002-03,D. Rivers (42-40)
ORL,2001-02,D. Rivers (44-38)
ORL,2000-01,D. Rivers (43-39)
ORL,1999-00,D. Rivers (41-41)
ORL,1998-99,C. Daly (33-17)
ORL,1997-98,C. Daly (41-41)
ORL,1996-97,"B. Hill (24-25), R. Adubato (21-12)"
ORL,1995-96,B. Hill (60-22)
ORL,1994-95,B. Hill (57-25)
ORL,1993-94,B. Hill (50-32)
ORL,1992-93,M. Guokas (41-41)
ORL,1991-92,M. Guokas (21-61)
ORL,1990-91,M. Guokas (31-51)
ORL,1989-90,M. Guokas (18-64)
PHI,2017-18,
PHI,2016-17,B. Brown (28-54)
PHI,2015-16,B. Brown (10-72)
PHI,2014-15,B. Brown (18-64)
PHI,2013-14,B. Brown (19-63)
PHI,2012-13,D. Collins (34-48)
PHI,2011-12,D. Collins (35-31)
PHI,2010-11,D. Collins (41-41)
PHI,2009-10,E. Jordan (27-55)
PHI,2008-09,"M. Cheeks (9-14), T. DiLeo (32-27)"
PHI,2007-08,M. Cheeks (40-42)
PHI,2006-07,M. Cheeks (35-47)
PHI,2005-06,M. Cheeks (38-44)
PHI,2004-05,J. O'Brien (43-39)
PHI,2003-04,"R. Ayers (21-31), C. Ford (12-18)"
PHI,2002-03,L. Brown (48-34)
PHI,2001-02,L. Brown (43-39)
PHI,2000-01,L. Brown (56-26)
PHI,1999-00,L. Brown (49-33)
PHI,1998-99,L. Brown (28-22)
PHI,1997-98,L. Brown (31-51)
PHI,1996-97,J. Davis (22-60)
PHI,1995-96,J. Lucas (18-64)
PHI,1994-95,J. Lucas (24-58)
PHI,1993-94,F. Carter (25-57)
PHI,1992-93,"D. Moe (19-37), F. Carter (7-19)"
PHI,1991-92,J. Lynam (35-47)
PHI,1990-91,J. Lynam (44-38)
PHI,1989-90,J. Lynam (53-29)
PHI,1988-89,J. Lynam (46-36)
PHI,1987-88,"M. Guokas (20-23), J. Lynam (16-23)"
PHI,1986-87,M. Guokas (45-37)
PHI,1985-86,M. Guokas (54-28)
PHI,1984-85,B. Cunningham (58-24)
PHI,1983-84,B. Cunningham (52-30)
PHI,1982-83,B. Cunningham (65-17)
PHI,1981-82,B. Cunningham (58-24)
PHI,1980-81,B. Cunningham (62-20)
PHI,1979-80,B. Cunningham (59-23)
PHI,1978-79,B. Cunningham (47-35)
PHI,1977-78,"G. Shue (2-4), B. Cunningham (53-23)"
PHI,1976-77,G. Shue (50-32)
PHI,1975-76,G. Shue (46-36)
PHI,1974-75,G. Shue (34-48)
PHI,1973-74,G. Shue (25-57)
PHI,1972-73,"R. Rubin (4-47), K. Loughery (5-26)"
PHI,1971-72,J. Ramsay (30-52)
PHI,1970-71,J. Ramsay (47-35)
PHI,1969-70,J. Ramsay (42-40)
PHI,1968-69,J. Ramsay (55-27)
PHI,1967-68,A. Hannum (62-20)
PHI,1966-67,A. Hannum (68-13)
PHI,1965-66,D. Schayes (55-25)
PHI,1964-65,D. Schayes (40-40)
PHI,1963-64,D. Schayes (34-46)
PHI,1962-63,A. Hannum (48-32)
PHI,1961-62,A. Hannum (41-39)
PHI,1960-61,A. Hannum (38-41)
PHI,1959-60,P. Seymour (45-30)
PHI,1958-59,P. Seymour (35-37)
PHI,1957-58,P. Seymour (41-31)
PHI,1956-57,"A. Cervi (4-8), P. Seymour (34-26)"
PHI,1955-56,A. Cervi (35-37)
PHI,1954-55,A. Cervi (43-29)
PHI,1953-54,A. Cervi (42-30)
PHI,1952-53,A. Cervi (47-24)
PHI,1951-52,A. Cervi (40-26)
PHI,1950-51,A. Cervi (32-34)
PHI,1949-50,A. Cervi (51-13)
PHO,2017-18,
PHO,2016-17,E. Watson (24-58)
PHO,2015-16,"J. Hornacek (14-35), E. Watson (9-24)"
PHO,2014-15,J. Hornacek (39-43)
PHO,2013-14,J. Hornacek (48-34)
PHO,2012-13,"A. Gentry (13-28), L. Hunter (12-29)"
PHO,2011-12,A. Gentry (33-33)
PHO,2010-11,A. Gentry (40-42)
PHO,2009-10,A. Gentry (54-28)
PHO,2008-09,"T. Porter (28-23), A. Gentry (18-13)"
PHO,2007-08,M. D'Antoni (55-27)
PHO,2006-07,M. D'Antoni (61-21)
PHO,2005-06,M. D'Antoni (54-28)
PHO,2004-05,M. D'Antoni (62-20)
PHO,2003-04,"F. Johnson (8-13), M. D'Antoni (21-40)"
PHO,2002-03,F. Johnson (44-38)
PHO,2001-02,"S. Skiles (25-26), F. Johnson (11-20)"
PHO,2000-01,S. Skiles (51-31)
PHO,1999-00,"D. Ainge (13-7), S. Skiles (40-22)"
PHO,1998-99,D. Ainge (27-23)
PHO,1997-98,D. Ainge (56-26)
PHO,1996-97,"C. Fitzsimmons (0-8), D. Ainge (40-34)"
PHO,1995-96,"P. Westphal (14-19), C. Fitzsimmons (27-22)"
PHO,1994-95,P. Westphal (59-23)
PHO,1993-94,P. Westphal (56-26)
PHO,1992-93,P. Westphal (62-20)
PHO,1991-92,C. Fitzsimmons (53-29)
PHO,1990-91,C. Fitzsimmons (55-27)
PHO,1989-90,C. Fitzsimmons (54-28)
PHO,1988-89,C. Fitzsimmons (55-27)
PHO,1987-88,J. Wetzel (28-54)
PHO,1986-87,"J. MacLeod (22-34), D. Van Arsdale (14-12)"
PHO,1985-86,J. MacLeod (32-50)
PHO,1984-85,J. MacLeod (36-46)
PHO,1983-84,J. MacLeod (41-41)
PHO,1982-83,J. MacLeod (53-29)
PHO,1981-82,J. MacLeod (46-36)
PHO,1980-81,J. MacLeod (57-25)
PHO,1979-80,J. MacLeod (55-27)
PHO,1978-79,J. MacLeod (50-32)
PHO,1977-78,J. MacLeod (49-33)
PHO,1976-77,J. MacLeod (34-48)
PHO,1975-76,J. MacLeod (42-40)
PHO,1974-75,J. MacLeod (32-50)
PHO,1973-74,J. MacLeod (30-52)
PHO,1972-73,"B. Van Breda Kolff (3-4), J. Colangelo (35-40)"
PHO,1971-72,C. Fitzsimmons (49-33)
PHO,1970-71,C. Fitzsimmons (48-34)
PHO,1969-70,"R. Kerr (15-23), J. Colangelo (24-20)"
PHO,1968-69,R. Kerr (16-66)
POR,2017-18,
POR,2016-17,T. Stotts (41-41)
POR,2015-16,T. Stotts (44-38)
POR,2014-15,T. Stotts (51-31)
POR,2013-14,T. Stotts (54-28)
POR,2012-13,T. Stotts (33-49)
POR,2011-12,"N. McMillan (20-23), K. Canales (8-15)"
POR,2010-11,N. McMillan (48-34)
POR,2009-10,N. McMillan (50-32)
POR,2008-09,N. McMillan (54-28)
POR,2007-08,N. McMillan (41-41)
POR,2006-07,N. McMillan (32-50)
POR,2005-06,N. McMillan (21-61)
POR,2004-05,"M. Cheeks (22-33), K. Pritchard (5-22)"
POR,2003-04,M. Cheeks (41-41)
POR,2002-03,M. Cheeks (50-32)
POR,2001-02,M. Cheeks (49-33)
POR,2000-01,M. Dunleavy (50-32)
POR,1999-00,M. Dunleavy (59-23)
POR,1998-99,M. Dunleavy (35-15)
POR,1997-98,M. Dunleavy (46-36)
POR,1996-97,P. Carlesimo (49-33)
POR,1995-96,P. Carlesimo (44-38)
POR,1994-95,P. Carlesimo (44-38)
POR,1993-94,R. Adelman (47-35)
POR,1992-93,R. Adelman (51-31)
POR,1991-92,R. Adelman (57-25)
POR,1990-91,R. Adelman (63-19)
POR,1989-90,R. Adelman (59-23)
POR,1988-89,"M. Schuler (25-22), R. Adelman (14-21)"
POR,1987-88,M. Schuler (53-29)
POR,1986-87,M. Schuler (49-33)
POR,1985-86,J. Ramsay (40-42)
POR,1984-85,J. Ramsay (42-40)
POR,1983-84,J. Ramsay (48-34)
POR,1982-83,J. Ramsay (46-36)
POR,1981-82,J. Ramsay (42-40)
POR,1980-81,J. Ramsay (45-37)
POR,1979-80,J. Ramsay (38-44)
POR,1978-79,J. Ramsay (45-37)
POR,1977-78,J. Ramsay (58-24)
POR,1976-77,J. Ramsay (49-33)
POR,1975-76,L. Wilkens (37-45)
POR,1974-75,L. Wilkens (38-44)
POR,1973-74,J. McCloskey (27-55)
POR,1972-73,J. McCloskey (21-61)
POR,1971-72,"R. Todd (12-44), S. Inman (6-20)"
POR,1970-71,R. Todd (29-53)
SAC,2017-18,
SAC,2016-17,D. Joerger (32-50)
SAC,2015-16,G. Karl (33-49)
SAC,2014-15,"M. Malone (11-13), T. Corbin (7-21), G. Karl (11-19)"
SAC,2013-14,M. Malone (28-54)
SAC,2012-13,K. Smart (28-54)
SAC,2011-12,"P. Westphal (2-5), K. Smart (20-39)"
SAC,2010-11,P. Westphal (24-58)
SAC,2009-10,P. Westphal (25-57)
SAC,2008-09,"R. Theus (6-18), K. Natt (11-47)"
SAC,2007-08,R. Theus (38-44)
SAC,2006-07,E. Musselman (33-49)
SAC,2005-06,R. Adelman (44-38)
SAC,2004-05,R. Adelman (50-32)
SAC,2003-04,R. Adelman (55-27)
SAC,2002-03,R. Adelman (59-23)
SAC,2001-02,R. Adelman (61-21)
SAC,2000-01,R. Adelman (55-27)
SAC,1999-00,R. Adelman (44-38)
SAC,1998-99,R. Adelman (27-23)
SAC,1997-98,E. Jordan (27-55)
SAC,1996-97,"G. St. Jean (28-39), E. Jordan (6-9)"
SAC,1995-96,G. St. Jean (39-43)
SAC,1994-95,G. St. Jean (39-43)
SAC,1993-94,G. St. Jean (28-54)
SAC,1992-93,G. St. Jean (25-57)
SAC,1991-92,"D. Motta (7-18), R. Hughes (22-35)"
SAC,1990-91,D. Motta (25-57)
SAC,1989-90,"J. Reynolds (7-21), D. Motta (16-38)"
SAC,1988-89,J. Reynolds (27-55)
SAC,1987-88,"B. Russell (17-41), J. Reynolds (7-17)"
SAC,1986-87,"P. Johnson (14-32), J. Reynolds (15-21)"
SAC,1985-86,P. Johnson (37-45)
SAC,1984-85,"J. McKinney (1-8), P. Johnson (30-43)"
SAC,1983-84,C. Fitzsimmons (38-44)
SAC,1982-83,C. Fitzsimmons (45-37)
SAC,1981-82,C. Fitzsimmons (30-52)
SAC,1980-81,C. Fitzsimmons (40-42)
SAC,1979-80,C. Fitzsimmons (47-35)
SAC,1978-79,C. Fitzsimmons (48-34)
SAC,1977-78,"P. Johnson (13-24), L. Staverman (18-27)"
SAC,1976-77,P. Johnson (40-42)
SAC,1975-76,P. Johnson (31-51)
SAC,1974-75,P. Johnson (44-38)
SAC,1973-74,"B. Cousy (6-14), D. Young (0-4), P. Johnson (27-31)"
SAC,1972-73,B. Cousy (36-46)
SAC,1971-72,B. Cousy (30-52)
SAC,1970-71,B. Cousy (33-49)
SAC,1969-70,B. Cousy (36-46)
SAC,1968-69,E. Jucker (41-41)
SAC,1967-68,E. Jucker (39-43)
SAC,1966-67,J. McMahon (39-42)
SAC,1965-66,J. McMahon (45-35)
SAC,1964-65,J. McMahon (48-32)
SAC,1963-64,J. McMahon (55-25)
SAC,1962-63,C. Wolf (42-38)
SAC,1961-62,C. Wolf (43-37)
SAC,1960-61,C. Wolf (33-46)
SAC,1959-60,T. Marshall (19-56)
SAC,1958-59,"B. Wanzer (3-15), T. Marshall (16-38)"
SAC,1957-58,B. Wanzer (33-39)
SAC,1956-57,B. Wanzer (31-41)
SAC,1955-56,B. Wanzer (31-41)
SAC,1954-55,L. Harrison (29-43)
SAC,1953-54,L. Harrison (44-28)
SAC,1952-53,L. Harrison (44-26)
SAC,1951-52,L. Harrison (41-25)
SAC,1950-51,L. Harrison (41-27)
SAC,1949-50,L. Harrison (51-17)
SAC,1948-49,L. Harrison (45-15)
SAS,2017-18,
SAS,2016-17,G. Popovich (61-21)
SAS,2015-16,G. Popovich (67-15)
SAS,2014-15,G. Popovich (55-27)
SAS,2013-14,G. Popovich (62-20)
SAS,2012-13,G. Popovich (58-24)
SAS,2011-12,G. Popovich (50-16)
SAS,2010-11,G. Popovich (61-21)
SAS,2009-10,G. Popovich (50-32)
SAS,2008-09,G. Popovich (54-28)
SAS,2007-08,G. Popovich (56-26)
SAS,2006-07,G. Popovich (58-24)
SAS,2005-06,G. Popovich (63-19)
SAS,2004-05,G. Popovich (59-23)
SAS,2003-04,G. Popovich (57-25)
SAS,2002-03,G. Popovich (60-22)
SAS,2001-02,G. Popovich (58-24)
SAS,2000-01,G. Popovich (58-24)
SAS,1999-00,G. Popovich (53-29)
SAS,1998-99,G. Popovich (37-13)
SAS,1997-98,G. Popovich (56-26)
SAS,1996-97,"B. Hill (3-15), G. Popovich (17-47)"
SAS,1995-96,B. Hill (59-23)
SAS,1994-95,B. Hill (62-20)
SAS,1993-94,J. Lucas (55-27)
SAS,1992-93,"J. Tarkanian (9-11), R. Hughes (1-0), J. Lucas (39-22)"
SAS,1991-92,"L. Brown (21-17), B. Bass (26-18)"
SAS,1990-91,L. Brown (55-27)
SAS,1989-90,L. Brown (56-26)
SAS,1988-89,L. Brown (21-61)
SAS,1987-88,B. Weiss (31-51)
SAS,1986-87,B. Weiss (28-54)
SAS,1985-86,C. Fitzsimmons (35-47)
SAS,1984-85,C. Fitzsimmons (41-41)
SAS,1983-84,"M. McHone (11-20), B. Bass (26-25)"
SAS,1982-83,S. Albeck (53-29)
SAS,1981-82,S. Albeck (48-34)
SAS,1980-81,S. Albeck (52-30)
SAS,1979-80,"D. Moe (33-33), B. Bass (8-8)"
SAS,1978-79,D. Moe (48-34)
SAS,1977-78,D. Moe (52-30)
SAS,1976-77,D. Moe (44-38)
SAS,1975-76,B. Bass (50-34)
SAS,1974-75,"T. Nissalke (18-10), B. Bass (33-23)"
SAS,1973-74,T. Nissalke (45-39)
SAS,1972-73,"B. McCarthy (24-48), D. Brown (4-8)"
SAS,1971-72,T. Nissalke (42-42)
SAS,1970-71,"M. Williams (5-14), B. Blakeley (25-40)"
SAS,1969-70,"C. Hagan (22-21), M. Williams (23-18)"
SAS,1968-69,C. Hagan (41-37)
SAS,1967-68,C. Hagan (46-32)
TOR,2017-18,
TOR,2016-17,D. Casey (51-31)
TOR,2015-16,D. Casey (56-26)
TOR,2014-15,D. Casey (49-33)
TOR,2013-14,D. Casey (48-34)
TOR,2012-13,D. Casey (34-48)
TOR,2011-12,D. Casey (23-43)
TOR,2010-11,J. Triano (22-60)
TOR,2009-10,J. Triano (40-42)
TOR,2008-09,"S. Mitchell (8-9), J. Triano (25-40)"
TOR,2007-08,S. Mitchell (41-41)
TOR,2006-07,S. Mitchell (47-35)
TOR,2005-06,S. Mitchell (27-55)
TOR,2004-05,S. Mitchell (33-49)
TOR,2003-04,K. O'Neill (33-49)
TOR,2002-03,L. Wilkens (24-58)
TOR,2001-02,L. Wilkens (42-40)
TOR,2000-01,L. Wilkens (47-35)
TOR,1999-00,B. Carter (45-37)
TOR,1998-99,B. Carter (23-27)
TOR,1997-98,"D. Walker (11-38), B. Carter (5-28)"
TOR,1996-97,D. Walker (30-52)
TOR,1995-96,B. Malone (21-61)
UTA,2017-18,
UTA,2016-17,Q. Snyder (51-31)
UTA,2015-16,Q. Snyder (40-42)
UTA,2014-15,Q. Snyder (38-44)
UTA,2013-14,T. Corbin (25-57)
UTA,2012-13,T. Corbin (43-39)
UTA,2011-12,T. Corbin (36-30)
UTA,2010-11,"J. Sloan (31-23), T. Corbin (8-20)"
UTA,2009-10,J. Sloan (53-29)
UTA,2008-09,J. Sloan (48-34)
UTA,2007-08,J. Sloan (54-28)
UTA,2006-07,J. Sloan (51-31)
UTA,2005-06,J. Sloan (41-41)
UTA,2004-05,J. Sloan (26-56)
UTA,2003-04,J. Sloan (42-40)
UTA,2002-03,J. Sloan (47-35)
UTA,2001-02,J. Sloan (44-38)
UTA,2000-01,J. Sloan (53-29)
UTA,1999-00,J. Sloan (55-27)
UTA,1998-99,J. Sloan (37-13)
UTA,1997-98,J. Sloan (62-20)
UTA,1996-97,J. Sloan (64-18)
UTA,1995-96,J. Sloan (55-27)
UTA,1994-95,J. Sloan (60-22)
UTA,1993-94,J. Sloan (53-29)
UTA,1992-93,J. Sloan (47-35)
UTA,1991-92,J. Sloan (55-27)
UTA,1990-91,J. Sloan (54-28)
UTA,1989-90,J. Sloan (55-27)
UTA,1988-89,"F. Layden (11-6), J. Sloan (40-25)"
UTA,1987-88,F. Layden (47-35)
UTA,1986-87,F. Layden (44-38)
UTA,1985-86,F. Layden (42-40)
UTA,1984-85,F. Layden (41-41)
UTA,1983-84,F. Layden (45-37)
UTA,1982-83,F. Layden (30-52)
UTA,1981-82,"T. Nissalke (8-12), F. Layden (17-45)"
UTA,1980-81,T. Nissalke (28-54)
UTA,1979-80,T. Nissalke (24-58)
UTA,1978-79,E. Baylor (26-56)
UTA,1977-78,E. Baylor (39-43)
UTA,1976-77,"B. Van Breda Kolff (14-12), E. Baylor (21-35)"
UTA,1975-76,B. Van Breda Kolff (38-44)
UTA,1974-75,"S. Robertson (1-14), E. Baylor (0-1), B. Van Breda Kolff (22-44)"
MIA,2017-18,
MIA,2016-17,E. Spoelstra (41-41)
MIA,2015-16,E. Spoelstra (48-34)
MIA,2014-15,E. Spoelstra (37-45)
MIA,2013-14,E. Spoelstra (54-28)
MIA,2012-13,E. Spoelstra (66-16)
MIA,2011-12,E. Spoelstra (46-20)
MIA,2010-11,E. Spoelstra (58-24)
MIA,2009-10,E. Spoelstra (47-35)
MIA,2008-09,E. Spoelstra (43-39)
MIA,2007-08,P. Riley (15-67)
MIA,2006-07,P. Riley (44-38)
MIA,2005-06,"S. Van Gundy (11-10), P. Riley (41-20)"
MIA,2004-05,S. Van Gundy (59-23)
MIA,2003-04,S. Van Gundy (42-40)
MIA,2002-03,P. Riley (25-57)
MIA,2001-02,P. Riley (36-46)
MIA,2000-01,P. Riley (50-32)
MIA,1999-00,P. Riley (52-30)
MIA,1998-99,P. Riley (33-17)
MIA,1997-98,P. Riley (55-27)
MIA,1996-97,P. Riley (61-21)
MIA,1995-96,P. Riley (42-40)
MIA,1994-95,"K. Loughery (17-29), A. Gentry (15-21)"
MIA,1993-94,K. Loughery (42-40)
MIA,1992-93,K. Loughery (36-46)
MIA,1991-92,K. Loughery (38-44)
MIA,1990-91,R. Rothstein (24-58)
MIA,1989-90,R. Rothstein (18-64)
MIA,1988-89,R. Rothstein (15-67)
MEM,2017-18,
MEM,2016-17,D. Fizdale (43-39)
MEM,2015-16,D. Joerger (42-40)
MEM,2014-15,D. Joerger (55-27)
MEM,2013-14,D. Joerger (50-32)
MEM,2012-13,L. Hollins (56-26)
MEM,2011-12,L. Hollins (41-25)
MEM,2010-11,L. Hollins (46-36)
MEM,2009-10,L. Hollins (40-42)
MEM,2008-09,"M. Iavaroni (11-30), J. Davis (0-2), L. Hollins (13-26)"
MEM,2007-08,M. Iavaroni (22-60)
MEM,2006-07,"M. Fratello (6-24), T. Barone (16-36)"
MEM,2005-06,M. Fratello (49-33)
MEM,2004-05,"H. Brown (5-7), L. Hollins (0-4), M. Fratello (40-26)"
MEM,2003-04,H. Brown (50-32)
MEM,2002-03,"S. Lowe (0-8), H. Brown (28-46)"
MEM,2001-02,S. Lowe (23-59)
MEM,2000-01,S. Lowe (23-59)
MEM,1999-00,"B. Hill (4-18), L. Hollins (18-42)"
MEM,1998-99,B. Hill (8-42)
MEM,1997-98,B. Hill (19-63)
MEM,1996-97,"B. Winters (8-35), S. Jackson (6-33)"
MEM,1995-96,B. Winters (15-67)
BOS,2017-18,
BOS,2016-17,B. Stevens (53-29)
BOS,2015-16,B. Stevens (48-34)
BOS,2014-15,B. Stevens (40-42)
BOS,2013-14,B. Stevens (25-57)
BOS,2012-13,D. Rivers (41-40)
BOS,2011-12,D. Rivers (39-27)
BOS,2010-11,D. Rivers (56-26)
BOS,2009-10,D. Rivers (50-32)
BOS,2008-09,D. Rivers (62-20)
BOS,2007-08,D. Rivers (66-16)
BOS,2006-07,D. Rivers (24-58)
BOS,2005-06,D. Rivers (33-49)
BOS,2004-05,D. Rivers (45-37)
BOS,2003-04,"J. O'Brien (22-24), J. Carroll (14-22)"
BOS,2002-03,J. O'Brien (44-38)
BOS,2001-02,J. O'Brien (49-33)
BOS,2000-01,"R. Pitino (12-22), J. O'Brien (24-24)"
BOS,1999-00,R. Pitino (35-47)
BOS,1998-99,R. Pitino (19-31)
BOS,1997-98,R. Pitino (36-46)
BOS,1996-97,M. Carr (15-67)
BOS,1995-96,M. Carr (33-49)
BOS,1994-95,C. Ford (35-47)
BOS,1993-94,C. Ford (32-50)
BOS,1992-93,C. Ford (48-34)
BOS,1991-92,C. Ford (51-31)
BOS,1990-91,C. Ford (56-26)
BOS,1989-90,J. Rodgers (52-30)
BOS,1988-89,J. Rodgers (42-40)
BOS,1987-88,K. Jones (57-25)
BOS,1986-87,K. Jones (59-23)
BOS,1985-86,K. Jones (67-15)
BOS,1984-85,K. Jones (63-19)
BOS,1983-84,K. Jones (62-20)
BOS,1982-83,B. Fitch (56-26)
BOS,1981-82,B. Fitch (63-19)
BOS,1980-81,B. Fitch (62-20)
BOS,1979-80,B. Fitch (61-21)
BOS,1978-79,"T. Sanders (2-12), D. Cowens (27-41)"
BOS,1977-78,"T. Heinsohn (11-23), T. Sanders (21-27)"
BOS,1976-77,T. Heinsohn (44-38)
BOS,1975-76,T. Heinsohn (54-28)
BOS,1974-75,T. Heinsohn (60-22)
BOS,1973-74,T. Heinsohn (56-26)
BOS,1972-73,T. Heinsohn (68-14)
BOS,1971-72,T. Heinsohn (56-26)
BOS,1970-71,T. Heinsohn (44-38)
BOS,1969-70,T. Heinsohn (34-48)
BOS,1968-69,B. Russell (48-34)
BOS,1967-68,B. Russell (54-28)
BOS,1966-67,B. Russell (60-21)
BOS,1965-66,R. Auerbach (54-26)
BOS,1964-65,R. Auerbach (62-18)
BOS,1963-64,R. Auerbach (59-21)
BOS,1962-63,R. Auerbach (58-22)
BOS,1961-62,R. Auerbach (60-20)
BOS,1960-61,R. Auerbach (57-22)
BOS,1959-60,R. Auerbach (59-16)
BOS,1958-59,R. Auerbach (52-20)
BOS,1957-58,R. Auerbach (49-23)
BOS,1956-57,R. Auerbach (44-28)
BOS,1955-56,R. Auerbach (39-33)
BOS,1954-55,R. Auerbach (36-36)
BOS,1953-54,R. Auerbach (42-30)
BOS,1952-53,R. Auerbach (46-25)
BOS,1951-52,R. Auerbach (39-27)
BOS,1950-51,R. Auerbach (39-30)
BOS,1949-50,A. Julian (22-46)
BOS,1948-49,A. Julian (25-35)
BOS,1947-48,J. Russell (20-28)
BOS,1946-47,J. Russell (22-38)
NJN,2017-18,
NJN,2016-17,K. Atkinson (20-62)
NJN,2015-16,"L. Hollins (10-27), T. Brown (11-34)"
NJN,2014-15,L. Hollins (38-44)
NJN,2013-14,J. Kidd (44-38)
NJN,2012-13,"A. Johnson (14-14), P. Carlesimo (35-19)"
NJN,2011-12,A. Johnson (22-44)
NJN,2010-11,A. Johnson (24-58)
NJN,2009-10,"L. Frank (0-16), T. Barrise (0-2), K. Vandeweghe (12-52)"
NJN,2008-09,L. Frank (34-48)
NJN,2007-08,L. Frank (34-48)
NJN,2006-07,L. Frank (41-41)
NJN,2005-06,L. Frank (49-33)
NJN,2004-05,L. Frank (42-40)
NJN,2003-04,"B. Scott (22-20), L. Frank (25-15)"
NJN,2002-03,B. Scott (49-33)
NJN,2001-02,B. Scott (52-30)
NJN,2000-01,B. Scott (26-56)
NJN,1999-00,D. Casey (31-51)
NJN,1998-99,"J. Calipari (3-17), D. Casey (13-17)"
NJN,1997-98,J. Calipari (43-39)
NJN,1996-97,J. Calipari (26-56)
NJN,1995-96,B. Beard (30-52)
NJN,1994-95,B. Beard (30-52)
NJN,1993-94,C. Daly (45-37)
NJN,1992-93,C. Daly (43-39)
NJN,1991-92,B. Fitch (40-42)
NJN,1990-91,B. Fitch (26-56)
NJN,1989-90,B. Fitch (17-65)
NJN,1988-89,W. Reed (26-56)
NJN,1987-88,"D. Wohl (2-13), B. MacKinnon (10-29), W. Reed (7-21)"
NJN,1986-87,D. Wohl (24-58)
NJN,1985-86,D. Wohl (39-43)
NJN,1984-85,S. Albeck (42-40)
NJN,1983-84,S. Albeck (45-37)
NJN,1982-83,"L. Brown (47-29), B. Blair (2-4)"
NJN,1981-82,L. Brown (44-38)
NJN,1980-81,"K. Loughery (12-23), B. MacKinnon (12-35)"
NJN,1979-80,K. Loughery (34-48)
NJN,1978-79,K. Loughery (37-45)
NJN,1977-78,K. Loughery (24-58)
NJN,1976-77,K. Loughery (22-60)
NJN,1975-76,K. Loughery (55-29)
NJN,1974-75,K. Loughery (58-26)
NJN,1973-74,K. Loughery (55-29)
NJN,1972-73,L. Carnesecca (30-54)
NJN,1971-72,L. Carnesecca (44-40)
NJN,1970-71,L. Carnesecca (40-44)
NJN,1969-70,Y. Larese (39-45)
NJN,1968-69,M. Zaslofsky (17-61)
NJN,1967-68,M. Zaslofsky (36-42)
CHI,2017-18,
CHI,2016-17,F. Hoiberg (41-41)
CHI,2015-16,F. Hoiberg (42-40)
CHI,2014-15,T. Thibodeau (50-32)
CHI,2013-14,T. Thibodeau (48-34)
CHI,2012-13,T. Thibodeau (45-37)
CHI,2011-12,T. Thibodeau (50-16)
CHI,2010-11,T. Thibodeau (62-20)
CHI,2009-10,V. Del Negro (41-41)
CHI,2008-09,V. Del Negro (41-41)
CHI,2007-08,"S. Skiles (9-16), P. Myers (0-1), J. Boylan (24-32)"
CHI,2006-07,S. Skiles (49-33)
CHI,2005-06,S. Skiles (41-41)
CHI,2004-05,S. Skiles (47-35)
CHI,2003-04,"B. Cartwright (4-10), P. Myers (0-2), S. Skiles (19-47)"
CHI,2002-03,B. Cartwright (30-52)
CHI,2001-02,"T. Floyd (4-21), B. Berry (0-2), B. Cartwright (17-38)"
CHI,2000-01,T. Floyd (15-67)
CHI,1999-00,T. Floyd (17-65)
CHI,1998-99,T. Floyd (13-37)
CHI,1997-98,P. Jackson (62-20)
CHI,1996-97,P. Jackson (69-13)
CHI,1995-96,P. Jackson (72-10)
CHI,1994-95,P. Jackson (47-35)
CHI,1993-94,P. Jackson (55-27)
CHI,1992-93,P. Jackson (57-25)
CHI,1991-92,P. Jackson (67-15)
CHI,1990-91,P. Jackson (61-21)
CHI,1989-90,P. Jackson (55-27)
CHI,1988-89,D. Collins (47-35)
CHI,1987-88,D. Collins (50-32)
CHI,1986-87,D. Collins (40-42)
CHI,1985-86,S. Albeck (30-52)
CHI,1984-85,K. Loughery (38-44)
CHI,1983-84,K. Loughery (27-55)
CHI,1982-83,P. Westhead (28-54)
CHI,1981-82,"J. Sloan (19-32), P. Johnson (0-1), R. Thorn (15-15)"
CHI,1980-81,J. Sloan (45-37)
CHI,1979-80,J. Sloan (30-52)
CHI,1978-79,"L. Costello (20-36), S. Robertson (11-15)"
CHI,1977-78,E. Badger (40-42)
CHI,1976-77,E. Badger (44-38)
CHI,1975-76,D. Motta (24-58)
CHI,1974-75,D. Motta (47-35)
CHI,1973-74,D. Motta (54-28)
CHI,1972-73,D. Motta (51-31)
CHI,1971-72,D. Motta (57-25)
CHI,1970-71,D. Motta (51-31)
CHI,1969-70,D. Motta (39-43)
CHI,1968-69,D. Motta (33-49)
CHI,1967-68,R. Kerr (29-53)
CHI,1966-67,R. Kerr (33-48)
CHA,2017-18,
CHA,2016-17,S. Clifford (36-46)
CHA,2015-16,S. Clifford (48-34)
CHA,2014-15,S. Clifford (33-49)
CHA,2013-14,S. Clifford (43-39)
CHA,2012-13,M. Dunlap (21-61)
CHA,2011-12,P. Silas (7-59)
CHA,2010-11,"L. Brown (9-19), P. Silas (25-29)"
CHA,2009-10,L. Brown (44-38)
CHA,2008-09,L. Brown (35-47)
CHA,2007-08,S. Vincent (32-50)
CHA,2006-07,B. Bickerstaff (33-49)
CHA,2005-06,B. Bickerstaff (26-56)
CHA,2004-05,B. Bickerstaff (18-64)
CHA,2001-02,P. Silas (44-38)
CHA,2000-01,P. Silas (46-36)
CHA,1999-00,P. Silas (49-33)
CHA,1998-99,"D. Cowens (4-11), P. Silas (22-13)"
CHA,1997-98,D. Cowens (51-31)
CHA,1996-97,D. Cowens (54-28)
CHA,1995-96,A. Bristow (41-41)
CHA,1994-95,A. Bristow (50-32)
CHA,1993-94,A. Bristow (41-41)
CHA,1992-93,A. Bristow (44-38)
CHA,1991-92,A. Bristow (31-51)
CHA,1990-91,G. Littles (26-56)
CHA,1989-90,"D. Harter (8-32), G. Littles (11-31)"
CHA,1988-89,D. Harter (20-62)
CLE,2017-18,
CLE,2016-17,T. Lue (51-31)
CLE,2015-16,"D. Blatt (30-11), T. Lue (27-14)"
CLE,2014-15,D. Blatt (53-29)
CLE,2013-14,M. Brown (33-49)
CLE,2012-13,B. Scott (24-58)
CLE,2011-12,B. Scott (21-45)
CLE,2010-11,B. Scott (19-63)
CLE,2009-10,M. Brown (61-21)
CLE,2008-09,M. Brown (66-16)
CLE,2007-08,M. Brown (45-37)
CLE,2006-07,M. Brown (50-32)
CLE,2005-06,M. Brown (50-32)
CLE,2004-05,"P. Silas (34-30), B. Malone (8-10)"
CLE,2003-04,P. Silas (35-47)
CLE,2002-03,"J. Lucas (8-34), K. Smart (9-31)"
CLE,2001-02,J. Lucas (29-53)
CLE,2000-01,R. Wittman (30-52)
CLE,1999-00,R. Wittman (32-50)
CLE,1998-99,M. Fratello (22-28)
CLE,1997-98,M. Fratello (47-35)
CLE,1996-97,M. Fratello (42-40)
CLE,1995-96,M. Fratello (47-35)
CLE,1994-95,M. Fratello (43-39)
CLE,1993-94,M. Fratello (47-35)
CLE,1992-93,L. Wilkens (54-28)
CLE,1991-92,L. Wilkens (57-25)
CLE,1990-91,L. Wilkens (33-49)
CLE,1989-90,L. Wilkens (42-40)
CLE,1988-89,L. Wilkens (57-25)
CLE,1987-88,L. Wilkens (42-40)
CLE,1986-87,L. Wilkens (31-51)
CLE,1985-86,"G. Karl (25-42), G. Littles (4-11)"
CLE,1984-85,G. Karl (36-46)
CLE,1983-84,T. Nissalke (28-54)
CLE,1982-83,T. Nissalke (23-59)
CLE,1981-82,"D. Delaney (4-11), B. Kloppenburg (0-3), C. Daly (9-32), B. Musselman (2-21)"
CLE,1980-81,"B. Musselman (25-46), D. Delaney (3-8)"
CLE,1979-80,S. Albeck (37-45)
CLE,1978-79,B. Fitch (30-52)
CLE,1977-78,B. Fitch (43-39)
CLE,1976-77,B. Fitch (43-39)
CLE,1975-76,B. Fitch (49-33)
CLE,1974-75,B. Fitch (40-42)
CLE,1973-74,B. Fitch (29-53)
CLE,1972-73,B. Fitch (32-50)
CLE,1971-72,B. Fitch (23-59)
CLE,1970-71,B. Fitch (15-67)
DAL,2017-18,
DAL,2016-17,R. Carlisle (33-49)
DAL,2015-16,R. Carlisle (42-40)
DAL,2014-15,R. Carlisle (50-32)
DAL,2013-14,R. Carlisle (49-33)
DAL,2012-13,R. Carlisle (41-41)
DAL,2011-12,R. Carlisle (36-30)
DAL,2010-11,R. Carlisle (57-25)
DAL,2009-10,R. Carlisle (55-27)
DAL,2008-09,R. Carlisle (50-32)
DAL,2007-08,A. Johnson (51-31)
DAL,2006-07,A. Johnson (67-15)
DAL,2005-06,A. Johnson (60-22)
DAL,2004-05,"D. Nelson (42-22), A. Johnson (16-2)"
DAL,2003-04,D. Nelson (52-30)
DAL,2002-03,D. Nelson (60-22)
DAL,2001-02,D. Nelson (57-25)
DAL,2000-01,D. Nelson (53-29)
DAL,1999-00,D. Nelson (40-42)
DAL,1998-99,D. Nelson (19-31)
DAL,1997-98,"J. Cleamons (4-12), D. Nelson (16-50)"
DAL,1996-97,J. Cleamons (24-58)
DAL,1995-96,D. Motta (26-56)
DAL,1994-95,D. Motta (36-46)
DAL,1993-94,Q. Buckner (13-69)
DAL,1992-93,"R. Adubato (2-27), G. Heard (9-44)"
DAL,1991-92,R. Adubato (22-60)
DAL,1990-91,R. Adubato (28-54)
DAL,1989-90,"J. MacLeod (5-6), R. Adubato (42-29)"
DAL,1988-89,J. MacLeod (38-44)
DAL,1987-88,J. MacLeod (53-29)
DAL,1986-87,D. Motta (55-27)
DAL,1985-86,D. Motta (44-38)
DAL,1984-85,D. Motta (44-38)
DAL,1983-84,D. Motta (43-39)
DAL,1982-83,D. Motta (38-44)
DAL,1981-82,D. Motta (28-54)
DAL,1980-81,D. Motta (15-67)
DEN,2017-18,
DEN,2016-17,M. Malone (40-42)
DEN,2015-16,M. Malone (33-49)
DEN,2014-15,"B. Shaw (20-39), M. Hunt (10-13)"
DEN,2013-14,B. Shaw (36-46)
DEN,2012-13,G. Karl (57-25)
DEN,2011-12,G. Karl (38-28)
DEN,2010-11,G. Karl (50-32)
DEN,2009-10,G. Karl (53-29)
DEN,2008-09,G. Karl (54-28)
DEN,2007-08,G. Karl (50-32)
DEN,2006-07,G. Karl (45-37)
DEN,2005-06,G. Karl (44-38)
DEN,2004-05,"J. Bzdelik (13-15), M. Cooper (4-10), G. Karl (32-8)"
DEN,2003-04,J. Bzdelik (43-39)
DEN,2002-03,J. Bzdelik (17-65)
DEN,2001-02,"D. Issel (9-17), M. Evans (18-38)"
DEN,2000-01,D. Issel (40-42)
DEN,1999-00,D. Issel (35-47)
DEN,1998-99,M. D'Antoni (14-36)
DEN,1997-98,B. Hanzlik (11-71)
DEN,1996-97,"B. Bickerstaff (4-9), D. Motta (17-52)"
DEN,1995-96,B. Bickerstaff (35-47)
DEN,1994-95,"D. Issel (18-16), G. Littles (3-13), B. Bickerstaff (20-12)"
DEN,1993-94,D. Issel (42-40)
DEN,1992-93,D. Issel (36-46)
DEN,1991-92,P. Westhead (24-58)
DEN,1990-91,P. Westhead (20-62)
DEN,1989-90,D. Moe (43-39)
DEN,1988-89,D. Moe (44-38)
DEN,1987-88,D. Moe (54-28)
DEN,1986-87,D. Moe (37-45)
DEN,1985-86,D. Moe (47-35)
DEN,1984-85,D. Moe (52-30)
DEN,1983-84,D. Moe (38-44)
DEN,1982-83,D. Moe (45-37)
DEN,1981-82,D. Moe (46-36)
DEN,1980-81,"D. Walsh (11-20), D. Moe (26-25)"
DEN,1979-80,D. Walsh (30-52)
DEN,1978-79,"L. Brown (28-25), D. Walsh (19-10)"
DEN,1977-78,L. Brown (48-34)
DEN,1976-77,L. Brown (50-32)
DEN,1975-76,L. Brown (60-24)
DEN,1974-75,L. Brown (65-19)
DEN,1973-74,A. Hannum (37-47)
DEN,1972-73,A. Hannum (47-37)
DEN,1971-72,A. Hannum (34-50)
DEN,1970-71,"J. Belmont (3-10), S. Albeck (27-44)"
DEN,1969-70,"J. McLendon (9-19), J. Belmont (42-14)"
DEN,1968-69,B. Bass (44-34)
DEN,1967-68,B. Bass (45-33)
DET,2017-18,
DET,2016-17,S. Van Gundy (37-45)
DET,2015-16,S. Van Gundy (44-38)
DET,2014-15,S. Van Gundy (32-50)
DET,2013-14,"M. Cheeks (21-29), J. Loyer (8-24)"
DET,2012-13,L. Frank (29-53)
DET,2011-12,L. Frank (25-41)
DET,2010-11,J. Kuester (30-52)
DET,2009-10,J. Kuester (27-55)
DET,2008-09,M. Curry (39-43)
DET,2007-08,F. Saunders (59-23)
DET,2006-07,F. Saunders (53-29)
DET,2005-06,F. Saunders (64-18)
DET,2004-05,L. Brown (54-28)
DET,2003-04,L. Brown (54-28)
DET,2002-03,R. Carlisle (50-32)
DET,2001-02,R. Carlisle (50-32)
DET,2000-01,G. Irvine (32-50)
DET,1999-00,"A. Gentry (28-30), G. Irvine (14-10)"
DET,1998-99,A. Gentry (29-21)
DET,1997-98,"D. Collins (21-24), A. Gentry (16-21)"
DET,1996-97,D. Collins (54-28)
DET,1995-96,D. Collins (46-36)
DET,1994-95,D. Chaney (28-54)
DET,1993-94,D. Chaney (20-62)
DET,1992-93,R. Rothstein (40-42)
DET,1991-92,C. Daly (48-34)
DET,1990-91,C. Daly (50-32)
DET,1989-90,C. Daly (59-23)
DET,1988-89,C. Daly (63-19)
DET,1987-88,C. Daly (54-28)
DET,1986-87,C. Daly (52-30)
DET,1985-86,C. Daly (46-36)
DET,1984-85,C. Daly (46-36)
DET,1983-84,C. Daly (49-33)
DET,1982-83,S. Robertson (37-45)
DET,1981-82,S. Robertson (39-43)
DET,1980-81,S. Robertson (21-61)
DET,1979-80,"D. Vitale (4-8), R. Adubato (12-58)"
DET,1978-79,D. Vitale (30-52)
DET,1977-78,"H. Brown (9-15), B. Kauffman (29-29)"
DET,1976-77,H. Brown (44-38)
DET,1975-76,"R. Scott (17-25), H. Brown (19-21)"
DET,1974-75,R. Scott (40-42)
DET,1973-74,R. Scott (52-30)
DET,1972-73,"E. Lloyd (2-5), R. Scott (38-37)"
DET,1971-72,"B. Van Breda Kolff (6-4), T. Dischinger (0-2), E. Lloyd (20-50)"
DET,1970-71,B. Van Breda Kolff (45-37)
DET,1969-70,B. Van Breda Kolff (31-51)
DET,1968-69,"D. Butcher (10-12), P. Seymour (22-38)"
DET,1967-68,D. Butcher (40-42)
DET,1966-67,"D. DeBusschere (28-45), D. Butcher (2-6)"
DET,1965-66,D. DeBusschere (22-58)
DET,1964-65,"C. Wolf (2-9), D. DeBusschere (29-40)"
DET,1963-64,C. Wolf (23-57)
DET,1962-63,D. McGuire (34-46)
DET,1961-62,D. McGuire (37-43)
DET,1960-61,D. McGuire (34-45)
DET,1959-60,"R. Rocha (13-21), D. McGuire (17-24)"
DET,1958-59,R. Rocha (28-44)
DET,1957-58,"C. Eckman (9-16), R. Rocha (24-23)"
DET,1956-57,C. Eckman (34-38)
DET,1955-56,C. Eckman (37-35)
DET,1954-55,C. Eckman (43-29)
DET,1953-54,P. Birch (40-32)
DET,1952-53,P. Birch (36-33)
DET,1951-52,P. Birch (29-37)
DET,1950-51,M. Mendenhall (32-36)
DET,1949-50,M. Mendenhall (40-28)
DET,1948-49,"C. Bennett (0-6), C. Armstrong (22-32)"
GSW,2017-18,
GSW,2016-17,S. Kerr (67-15)
GSW,2015-16,S. Kerr (73-9)
GSW,2014-15,S. Kerr (67-15)
GSW,2013-14,M. Jackson (51-31)
GSW,2012-13,M. Jackson (47-35)
GSW,2011-12,M. Jackson (23-43)
GSW,2010-11,K. Smart (36-46)
GSW,2009-10,D. Nelson (26-56)
GSW,2008-09,D. Nelson (29-53)
GSW,2007-08,D. Nelson (48-34)
GSW,2006-07,D. Nelson (42-40)
GSW,2005-06,M. Montgomery (34-48)
GSW,2004-05,M. Montgomery (34-48)
GSW,2003-04,E. Musselman (37-45)
GSW,2002-03,E. Musselman (38-44)
GSW,2001-02,"D. Cowens (8-15), B. Winters (13-46)"
GSW,2000-01,D. Cowens (17-65)
GSW,1999-00,"P. Carlesimo (6-21), G. St. Jean (13-42)"
GSW,1998-99,P. Carlesimo (21-29)
GSW,1997-98,P. Carlesimo (19-63)
GSW,1996-97,R. Adelman (30-52)
GSW,1995-96,R. Adelman (36-46)
GSW,1994-95,"D. Nelson (14-31), B. Lanier (12-25)"
GSW,1993-94,D. Nelson (50-32)
GSW,1992-93,D. Nelson (34-48)
GSW,1991-92,D. Nelson (55-27)
GSW,1990-91,D. Nelson (44-38)
GSW,1989-90,D. Nelson (37-45)
GSW,1988-89,D. Nelson (43-39)
GSW,1987-88,"G. Karl (16-48), E. Gregory (4-14)"
GSW,1986-87,G. Karl (42-40)
GSW,1985-86,J. Bach (30-52)
GSW,1984-85,J. Bach (22-60)
GSW,1983-84,J. Bach (37-45)
GSW,1982-83,A. Attles (30-52)
GSW,1981-82,A. Attles (45-37)
GSW,1980-81,A. Attles (39-43)
GSW,1979-80,"A. Attles (18-43), J. Bach (6-15)"
GSW,1978-79,A. Attles (38-44)
GSW,1977-78,A. Attles (43-39)
GSW,1976-77,A. Attles (46-36)
GSW,1975-76,A. Attles (59-23)
GSW,1974-75,A. Attles (48-34)
GSW,1973-74,A. Attles (44-38)
GSW,1972-73,A. Attles (47-35)
GSW,1971-72,A. Attles (51-31)
GSW,1970-71,A. Attles (41-41)
GSW,1969-70,"G. Lee (22-30), A. Attles (8-22)"
GSW,1968-69,G. Lee (41-41)
GSW,1967-68,B. Sharman (43-39)
GSW,1966-67,B. Sharman (44-37)
GSW,1965-66,A. Hannum (35-45)
GSW,1964-65,A. Hannum (17-63)
GSW,1963-64,A. Hannum (48-32)
GSW,1962-63,B. Feerick (31-49)
GSW,1961-62,F. McGuire (49-31)
GSW,1960-61,N. Johnston (46-33)
GSW,1959-60,N. Johnston (49-26)
GSW,1958-59,A. Cervi (32-40)
GSW,1957-58,G. Senesky (37-35)
GSW,1956-57,G. Senesky (37-35)
GSW,1955-56,G. Senesky (45-27)
GSW,1954-55,E. Gottlieb (33-39)
GSW,1953-54,E. Gottlieb (29-43)
GSW,1952-53,E. Gottlieb (12-57)
GSW,1951-52,E. Gottlieb (33-33)
GSW,1950-51,E. Gottlieb (40-26)
GSW,1949-50,E. Gottlieb (26-42)
GSW,1948-49,E. Gottlieb (28-32)
GSW,1947-48,E. Gottlieb (27-21)
GSW,1946-47,E. Gottlieb (35-25)
HOU,2017-18,
HOU,2016-17,M. D'Antoni (55-27)
HOU,2015-16,"K. McHale (4-7), J. Bickerstaff (37-34)"
HOU,2014-15,K. McHale (56-26)
HOU,2013-14,K. McHale (54-28)
HOU,2012-13,K. McHale (45-37)
HOU,2011-12,K. McHale (34-32)
HOU,2010-11,R. Adelman (43-39)
HOU,2009-10,R. Adelman (42-40)
HOU,2008-09,R. Adelman (53-29)
HOU,2007-08,R. Adelman (55-27)
HOU,2006-07,J. Van Gundy (52-30)
HOU,2005-06,J. Van Gundy (34-48)
HOU,2004-05,J. Van Gundy (51-31)
HOU,2003-04,J. Van Gundy (45-37)
HOU,2002-03,R. Tomjanovich (43-39)
HOU,2001-02,R. Tomjanovich (28-54)
HOU,2000-01,R. Tomjanovich (45-37)
HOU,1999-00,R. Tomjanovich (34-48)
HOU,1998-99,R. Tomjanovich (31-19)
HOU,1997-98,R. Tomjanovich (41-41)
HOU,1996-97,R. Tomjanovich (57-25)
HOU,1995-96,R. Tomjanovich (48-34)
HOU,1994-95,R. Tomjanovich (47-35)
HOU,1993-94,R. Tomjanovich (58-24)
HOU,1992-93,R. Tomjanovich (55-27)
HOU,1991-92,"D. Chaney (26-26), R. Tomjanovich (16-14)"
HOU,1990-91,D. Chaney (52-30)
HOU,1989-90,D. Chaney (41-41)
HOU,1988-89,D. Chaney (45-37)
HOU,1987-88,B. Fitch (46-36)
HOU,1986-87,B. Fitch (42-40)
HOU,1985-86,B. Fitch (51-31)
HOU,1984-85,B. Fitch (48-34)
HOU,1983-84,B. Fitch (29-53)
HOU,1982-83,D. Harris (14-68)
HOU,1981-82,D. Harris (46-36)
HOU,1980-81,D. Harris (40-42)
HOU,1979-80,D. Harris (41-41)
HOU,1978-79,T. Nissalke (47-35)
HOU,1977-78,T. Nissalke (28-54)
HOU,1976-77,T. Nissalke (49-33)
HOU,1975-76,J. Egan (40-42)
HOU,1974-75,J. Egan (41-41)
HOU,1973-74,J. Egan (32-50)
HOU,1972-73,"T. Winter (17-30), J. Egan (16-19)"
HOU,1971-72,T. Winter (34-48)
HOU,1970-71,A. Hannum (40-42)
HOU,1969-70,"J. McMahon (9-17), A. Hannum (18-38)"
HOU,1968-69,J. McMahon (37-45)
HOU,1967-68,J. McMahon (15-67)
IND,2017-18,
IND,2016-17,N. McMillan (42-40)
IND,2015-16,F. Vogel (45-37)
IND,2014-15,F. Vogel (38-44)
IND,2013-14,F. Vogel (56-26)
IND,2012-13,F. Vogel (49-32)
IND,2011-12,F. Vogel (42-24)
IND,2010-11,"J. O'Brien (17-27), F. Vogel (20-18)"
IND,2009-10,J. O'Brien (32-50)
IND,2008-09,J. O'Brien (36-46)
IND,2007-08,J. O'Brien (36-46)
IND,2006-07,R. Carlisle (35-47)
IND,2005-06,R. Carlisle (41-41)
IND,2004-05,R. Carlisle (44-38)
IND,2003-04,R. Carlisle (61-21)
IND,2002-03,I. Thomas (48-34)
IND,2001-02,I. Thomas (42-40)
IND,2000-01,I. Thomas (41-41)
IND,1999-00,L. Bird (56-26)
IND,1998-99,L. Bird (33-17)
IND,1997-98,L. Bird (58-24)
IND,1996-97,L. Brown (39-43)
IND,1995-96,L. Brown (52-30)
IND,1994-95,L. Brown (52-30)
IND,1993-94,L. Brown (47-35)
IND,1992-93,B. Hill (41-41)
IND,1991-92,B. Hill (40-42)
IND,1990-91,"D. Versace (9-16), B. Hill (32-25)"
IND,1989-90,D. Versace (42-40)
IND,1988-89,"J. Ramsay (0-7), M. Daniels (0-2), G. Irvine (6-14), D. Versace (22-31)"
IND,1987-88,J. Ramsay (38-44)
IND,1986-87,J. Ramsay (41-41)
IND,1985-86,G. Irvine (26-56)
IND,1984-85,G. Irvine (22-60)
IND,1983-84,J. McKinney (26-56)
IND,1982-83,J. McKinney (20-62)
IND,1981-82,J. McKinney (35-47)
IND,1980-81,J. McKinney (44-38)
IND,1979-80,S. Leonard (37-45)
IND,1978-79,S. Leonard (38-44)
IND,1977-78,S. Leonard (31-51)
IND,1976-77,S. Leonard (36-46)
IND,1975-76,S. Leonard (39-45)
IND,1974-75,S. Leonard (45-39)
IND,1973-74,S. Leonard (46-38)
IND,1972-73,S. Leonard (51-33)
IND,1971-72,S. Leonard (47-37)
IND,1970-71,S. Leonard (58-26)
IND,1969-70,S. Leonard (59-25)
IND,1968-69,"L. Staverman (2-7), S. Leonard (42-27)"
IND,1967-68,L. Staverman (38-40)
LAC,2017-18,
LAC,2016-17,D. Rivers (51-31)
LAC,2015-16,D. Rivers (53-29)
LAC,2014-15,D. Rivers (56-26)
LAC,2013-14,D. Rivers (57-25)
LAC,2012-13,V. Del Negro (56-26)
LAC,2011-12,V. Del Negro (40-26)
LAC,2010-11,V. Del Negro (32-50)
LAC,2009-10,"M. Dunleavy (21-28), K. Hughes (8-25)"
LAC,2008-09,M. Dunleavy (19-63)
LAC,2007-08,M. Dunleavy (23-59)
LAC,2006-07,M. Dunleavy (40-42)
LAC,2005-06,M. Dunleavy (47-35)
LAC,2004-05,M. Dunleavy (37-45)
LAC,2003-04,M. Dunleavy (28-54)
LAC,2002-03,"A. Gentry (19-39), D. Johnson (8-16)"
LAC,2001-02,A. Gentry (39-43)
LAC,2000-01,A. Gentry (31-51)
LAC,1999-00,"C. Ford (11-34), J. Todd (4-33)"
LAC,1998-99,C. Ford (9-41)
LAC,1997-98,B. Fitch (17-65)
LAC,1996-97,B. Fitch (36-46)
LAC,1995-96,B. Fitch (29-53)
LAC,1994-95,B. Fitch (17-65)
LAC,1993-94,B. Weiss (27-55)
LAC,1992-93,L. Brown (41-41)
LAC,1991-92,"M. Schuler (21-24), M. Calvin (1-1), L. Brown (23-12)"
LAC,1990-91,M. Schuler (31-51)
LAC,1989-90,D. Casey (30-52)
LAC,1988-89,"G. Shue (10-28), D. Casey (11-33)"
LAC,1987-88,G. Shue (17-65)
LAC,1986-87,D. Chaney (12-70)
LAC,1985-86,D. Chaney (32-50)
LAC,1984-85,"J. Lynam (22-39), D. Chaney (9-12)"
LAC,1983-84,J. Lynam (30-52)
LAC,1982-83,P. Silas (25-57)
LAC,1981-82,P. Silas (17-65)
LAC,1980-81,P. Silas (36-46)
LAC,1979-80,G. Shue (35-47)
LAC,1978-79,G. Shue (43-39)
LAC,1977-78,C. Fitzsimmons (27-55)
LAC,1976-77,"T. Locke (16-30), B. MacKinnon (3-4), J. Mullaney (11-18)"
LAC,1975-76,J. Ramsay (46-36)
LAC,1974-75,J. Ramsay (49-33)
LAC,1973-74,J. Ramsay (42-40)
LAC,1972-73,J. Ramsay (21-61)
LAC,1971-72,"D. Schayes (0-1), J. McCarthy (22-59)"
LAC,1970-71,D. Schayes (22-60)
LAL,2017-18,
LAL,2016-17,L. Walton (26-56)
LAL,2015-16,B. Scott (17-65)
LAL,2014-15,B. Scott (21-61)
LAL,2013-14,M. D'Antoni (27-55)
LAL,2012-13,"M. Brown (1-4), B. Bickerstaff (4-1), M. D'Antoni (40-32)"
LAL,2011-12,M. Brown (41-25)
LAL,2010-11,P. Jackson (57-25)
LAL,2009-10,P. Jackson (57-25)
LAL,2008-09,P. Jackson (65-17)
LAL,2007-08,P. Jackson (57-25)
LAL,2006-07,P. Jackson (42-40)
LAL,2005-06,P. Jackson (45-37)
LAL,2004-05,"R. Tomjanovich (24-19), F. Hamblen (10-29)"
LAL,2003-04,P. Jackson (56-26)
LAL,2002-03,P. Jackson (50-32)
LAL,2001-02,P. Jackson (58-24)
LAL,2000-01,P. Jackson (56-26)
LAL,1999-00,P. Jackson (67-15)
LAL,1998-99,"D. Harris (6-6), B. Bertka (1-0), K. Rambis (24-13)"
LAL,1997-98,D. Harris (61-21)
LAL,1996-97,D. Harris (56-26)
LAL,1995-96,D. Harris (53-29)
LAL,1994-95,D. Harris (48-34)
LAL,1993-94,"R. Pfund (27-37), B. Bertka (1-1), M. Johnson (5-11)"
LAL,1992-93,R. Pfund (39-43)
LAL,1991-92,M. Dunleavy (43-39)
LAL,1990-91,M. Dunleavy (58-24)
LAL,1989-90,P. Riley (63-19)
LAL,1988-89,P. Riley (57-25)
LAL,1987-88,P. Riley (62-20)
LAL,1986-87,P. Riley (65-17)
LAL,1985-86,P. Riley (62-20)
LAL,1984-85,P. Riley (62-20)
LAL,1983-84,P. Riley (54-28)
LAL,1982-83,P. Riley (58-24)
LAL,1981-82,"P. Westhead (7-4), P. Riley (50-21)"
LAL,1980-81,P. Westhead (54-28)
LAL,1979-80,"J. McKinney (10-4), P. Westhead (50-18)"
LAL,1978-79,J. West (47-35)
LAL,1977-78,J. West (45-37)
LAL,1976-77,J. West (53-29)
LAL,1975-76,B. Sharman (40-42)
LAL,1974-75,B. Sharman (30-52)
LAL,1973-74,B. Sharman (47-35)
LAL,1972-73,B. Sharman (60-22)
LAL,1971-72,B. Sharman (69-13)
LAL,1970-71,J. Mullaney (48-34)
LAL,1969-70,J. Mullaney (46-36)
LAL,1968-69,B. Van Breda Kolff (55-27)
LAL,1967-68,B. Van Breda Kolff (52-30)
LAL,1966-67,F. Schaus (36-45)
LAL,1965-66,F. Schaus (45-35)
LAL,1964-65,F. Schaus (49-31)
LAL,1963-64,F. Schaus (42-38)
LAL,1962-63,F. Schaus (53-27)
LAL,1961-62,F. Schaus (54-26)
LAL,1960-61,F. Schaus (36-43)
LAL,1959-60,"J. Castellani (11-25), J. Pollard (14-25)"
LAL,1958-59,J. Kundla (33-39)
LAL,1957-58,"G. Mikan (9-30), J. Kundla (10-23)"
LAL,1956-57,J. Kundla (34-38)
LAL,1955-56,J. Kundla (33-39)
LAL,1954-55,J. Kundla (40-32)
LAL,1953-54,J. Kundla (46-26)
LAL,1952-53,J. Kundla (48-22)
LAL,1951-52,J. Kundla (40-26)
LAL,1950-51,J. Kundla (44-24)
LAL,1949-50,J. Kundla (51-17)
LAL,1948-49,J. Kundla (44-16)
WAS,2017-18,
WAS,2016-17,S. Brooks (49-33)
WAS,2015-16,R. Wittman (41-41)
WAS,2014-15,R. Wittman (46-36)
WAS,2013-14,R. Wittman (44-38)
WAS,2012-13,R. Wittman (29-53)
WAS,2011-12,"F. Saunders (2-15), R. Wittman (18-31)"
WAS,2010-11,F. Saunders (23-59)
WAS,2009-10,F. Saunders (26-56)
WAS,2008-09,"E. Jordan (1-10), E. Tapscott (18-53)"
WAS,2007-08,E. Jordan (43-39)
WAS,2006-07,E. Jordan (41-41)
WAS,2005-06,E. Jordan (42-40)
WAS,2004-05,E. Jordan (45-37)
WAS,2003-04,E. Jordan (25-57)
WAS,2002-03,D. Collins (37-45)
WAS,2001-02,D. Collins (37-45)
WAS,2000-01,L. Hamilton (19-63)
WAS,1999-00,"G. Heard (14-30), D. Walker (15-23)"
WAS,1998-99,"B. Bickerstaff (13-19), J. Brovelli (5-13)"
WAS,1997-98,B. Bickerstaff (42-40)
WAS,1996-97,"J. Lynam (22-24), B. Staak (0-1), B. Bickerstaff (22-13)"
WAS,1995-96,J. Lynam (39-43)
WAS,1994-95,J. Lynam (21-61)
WAS,1993-94,W. Unseld (24-58)
WAS,1992-93,W. Unseld (22-60)
WAS,1991-92,W. Unseld (25-57)
WAS,1990-91,W. Unseld (30-52)
WAS,1989-90,W. Unseld (31-51)
WAS,1988-89,W. Unseld (40-42)
WAS,1987-88,"K. Loughery (8-19), W. Unseld (30-25)"
WAS,1986-87,K. Loughery (42-40)
WAS,1985-86,"G. Shue (32-37), K. Loughery (7-6)"
WAS,1984-85,G. Shue (40-42)
WAS,1983-84,G. Shue (35-47)
WAS,1982-83,G. Shue (42-40)
WAS,1981-82,G. Shue (43-39)
WAS,1980-81,G. Shue (39-43)
WAS,1979-80,D. Motta (39-43)
WAS,1978-79,D. Motta (54-28)
WAS,1977-78,D. Motta (44-38)
WAS,1976-77,D. Motta (48-34)
WAS,1975-76,K. Jones (48-34)
WAS,1974-75,K. Jones (60-22)
WAS,1973-74,K. Jones (47-35)
WAS,1972-73,G. Shue (52-30)
WAS,1971-72,G. Shue (38-44)
WAS,1970-71,G. Shue (42-40)
WAS,1969-70,G. Shue (50-32)
WAS,1968-69,G. Shue (57-25)
WAS,1967-68,G. Shue (36-46)
WAS,1966-67,"M. Farmer (1-8), B. Jeannette (3-13), G. Shue (16-40)"
WAS,1965-66,P. Seymour (38-42)
WAS,1964-65,B. Jeannette (37-43)
WAS,1963-64,S. Leonard (31-49)
WAS,1962-63,"J. McMahon (12-26), S. Leonard (13-29)"
WAS,1961-62,J. Pollard (18-62)
